step,ep_reward,mean_e2e_ms,viol_rate,mean_embb_mbps,c3_viol_rate,mean_aoi_ms,aoi_viol_rate,mean_n_active,active_mac_ticks_amb0,lambda_severity_per_amb,lambda_global_C1_0,lambda_global_C2_0,lambda_global_C4_0,lambda_global_C5_0,lambda_global_C3_shared
0,756.0938899527265,0.360453528543228,0.0,75.18551304418037,0.0035,16.38924999999914,0.0,1.0,2000.0,[2],0.1403604537510546,0.07999990000000255,0.04516389250070788,0.01999899999995251,0.019348144865036016
