{
  "baseline": "td3",
  "seed": 0,
  "n_episodes": 1,
  "final_window": 1,
  "mean_reward_tail": 597.1644716641035,
  "std_reward_tail": 0.0,
  "final_e2e_ms": 0.36231092023644196,
  "final_viol_rate": 0.0,
  "ep_reward": 597.1644716641035,
  "mean_e2e_ms": 0.36231092023644196,
  "viol_rate": 0.0,
  "mean_embb_mbps": 76.19239076420978,
  "c3_viol_rate": 0.003,
  "final_lambdas": [
    0.10181155572645366,
    0.07999950000001262,
    0.025822362498496655,
    0.019994999999762512,
    0.016690380464553834
  ],
  "final_lambda_warm": {
    "(2,)": [
      0.14759057778632267,
      0.07999997500000063,
      0.048791118124924836,
      0.019999749999988124,
      0.019834519023227692
    ]
  }
}