{
  "baseline": "td3",
  "seed": 0,
  "n_episodes": 1,
  "final_window": 1,
  "mean_reward_tail": 594.6446098202256,
  "std_reward_tail": 0.0,
  "final_e2e_ms": 0.36135851061635704,
  "final_viol_rate": 0.0,
  "ep_reward": 594.6446098202256,
  "mean_e2e_ms": 0.36135851061635704,
  "viol_rate": 0.0,
  "mean_embb_mbps": 75.7796474872144,
  "c3_viol_rate": 0.003,
  "final_lambdas": [
    0.1018067936733132,
    0.07999950000001262,
    0.025822362498496655,
    0.019994999999762512,
    0.016711017612457277
  ],
  "final_lambda_warm": {
    "(2,)": [
      0.14759033968366564,
      0.07999997500000063,
      0.048791118124924836,
      0.019999749999988124,
      0.019835550880622863
    ]
  }
}