{
  "last_ep": 2,
  "seed": 1,
  "algo": "ppo",
  "n_episodes_target": 2,
  "lambda_state": {
    "lambda_global": [
      0.10180375404015647,
      0.07999950000001262,
      0.02605358750023879,
      0.019994999999762512,
      0.01689671690368652
    ],
    "lambda_local": [
      0.10180375404015647,
      0.07999950000001262,
      0.02605358750023879,
      0.019994999999762512,
      0.01689671690368652
    ],
    "lambda_warm": {
      "(5,)": [
        1.7998353384911023,
        2.2000001452182563,
        1.4998150874961516,
        2.0000015145833414,
        0.01987889090356827
      ],
      "(2,)": [
        0.14759018770200782,
        0.07999997500000063,
        0.04880267937501194,
        0.019999749999988124,
        0.019844835845184327
      ]
    },
    "win_c": [
      0.0,
      0.0,
      0.0,
      0.0,
      0.0
    ],
    "win_steps": 0,
    "cum_c": [
      0.0,
      0.0,
      0.0,
      0.0,
      0.0
    ],
    "cum_steps": 0,
    "sev_prev": [
      2
    ],
    "sev_ref_prev": 2
  },
  "reward_norm": {
    "ret_rms": {
      "mean": 108.67695524602989,
      "var": 13800.653626233483,
      "count": 200.0001
    },
    "ret": 369.7407347114008,
    "gamma": 0.99
  }
}