{
  "last_ep": 5,
  "seed": 0,
  "algo": "ppo",
  "n_episodes_target": 5,
  "lambda_state": {
    "lambda_global": [
      0.5767701259755996,
      0.699999500000013,
      0.49105552485631776,
      0.5999949999997628,
      0.01723635528564453
    ],
    "lambda_local": [
      0.5767701259755996,
      0.699999500000013,
      0.49105552485631776,
      0.5999949999997628,
      0.01723635528564453
    ],
    "lambda_warm": {
      "(2,)": [
        0.1427676888211863,
        0.07999992500000189,
        0.04638997312510619,
        0.019999249999964372,
        0.019564461663436887
      ],
      "(5,)": [
        1.7998363639176387,
        2.2000001032043666,
        1.4998150874961516,
        2.0000015145833414,
        0.019872512203502654
      ],
      "(3,)": [
        0.5988385062987799,
        0.6999999750000006,
        0.49955277624281585,
        0.5999997499999881,
        0.019861817764282225
      ]
    },
    "win_c": [
      0.0,
      0.0,
      0.0,
      0.0,
      0.0
    ],
    "win_steps": 0,
    "cum_c": [
      0.0,
      0.0,
      0.0,
      0.0,
      0.0
    ],
    "cum_steps": 0,
    "sev_prev": [
      3
    ],
    "sev_ref_prev": 3
  },
  "reward_norm": {
    "ret_rms": {
      "mean": 151.7218765693816,
      "var": 12202.794326661931,
      "count": 500.0001
    },
    "ret": 246.2273461734568,
    "gamma": 0.99
  }
}