{
  "last_ep": 1,
  "seed": 0,
  "baseline": "sac",
  "n_episodes_target": 1,
  "lambda_state": {
    "lambda_global": [
      0.10280883265804733,
      0.07999950000001262,
      0.025824425001861533,
      0.019994999999762512,
      0.016618120888233185
    ],
    "lambda_local": [
      0.10280883265804733,
      0.07999950000001262,
      0.025824425001861533,
      0.019994999999762512,
      0.016618120888233185
    ],
    "lambda_warm": {
      "(2,)": [
        0.14764044163290235,
        0.07999997500000063,
        0.04879122125009308,
        0.019999749999988124,
        0.019830906044411657
      ]
    },
    "win_c": [
      0.0,
      0.0,
      0.0,
      0.0,
      0.0
    ],
    "win_steps": 0,
    "cum_c": [
      0.0,
      0.0,
      0.0,
      0.0,
      0.0
    ],
    "cum_steps": 0,
    "sev_prev": [
      2
    ],
    "sev_ref_prev": 2
  },
  "reward_norm": {
    "ret_rms": {
      "mean": 207.68991773743048,
      "var": 12725.325919191655,
      "count": 100.0001
    },
    "ret": 374.69890593524894,
    "gamma": 0.99
  }
}