{
  "last_ep": 1,
  "seed": 0,
  "baseline": "td3",
  "n_episodes_target": 1,
  "lambda_state": {
    "lambda_global": [
      0.10181155572645366,
      0.07999950000001262,
      0.025822362498496655,
      0.019994999999762512,
      0.016690380464553834
    ],
    "lambda_local": [
      0.10181155572645366,
      0.07999950000001262,
      0.025822362498496655,
      0.019994999999762512,
      0.016690380464553834
    ],
    "lambda_warm": {
      "(2,)": [
        0.14759057778632267,
        0.07999997500000063,
        0.048791118124924836,
        0.019999749999988124,
        0.019834519023227692
      ]
    },
    "win_c": [
      0.0,
      0.0,
      0.0,
      0.0,
      0.0
    ],
    "win_steps": 0,
    "cum_c": [
      0.0,
      0.0,
      0.0,
      0.0,
      0.0
    ],
    "cum_steps": 0,
    "sev_prev": [
      2
    ],
    "sev_ref_prev": 2
  },
  "reward_norm": {
    "ret_rms": {
      "mean": 222.06155733518497,
      "var": 11562.648716708669,
      "count": 100.0001
    },
    "ret": 378.89160835086983,
    "gamma": 0.99
  }
}