{
  "baseline": "td3",
  "seed": 0,
  "n_episodes": 1,
  "final_window": 1,
  "mean_reward_tail": 598.0449710671622,
  "std_reward_tail": 0.0,
  "final_e2e_ms": 0.36254914711039166,
  "final_viol_rate": 0.0,
  "ep_reward": 598.0449710671622,
  "mean_e2e_ms": 0.36254914711039166,
  "viol_rate": 0.0,
  "mean_embb_mbps": 76.35690664035543,
  "c3_viol_rate": 0.003,
  "final_lambdas": [
    0.10181274685601237,
    0.07999950000001262,
    0.025822362498496655,
    0.019994999999762512,
    0.01668215465545654
  ],
  "final_lambda_warm": {
    "(2,)": [
      0.14759063734280062,
      0.07999997500000063,
      0.048791118124924836,
      0.019999749999988124,
      0.019834107732772825
    ]
  }
}