{
  "baseline": "sac",
  "seed": 0,
  "n_episodes": 1,
  "final_window": 1,
  "mean_reward_tail": 578.6420423032449,
  "std_reward_tail": 0.0,
  "final_e2e_ms": 0.5617663100590908,
  "final_viol_rate": 0.0,
  "ep_reward": 578.6420423032449,
  "mean_e2e_ms": 0.5617663100590908,
  "viol_rate": 0.0,
  "mean_embb_mbps": 77.6375821237477,
  "c3_viol_rate": 0.034,
  "final_lambdas": [
    0.10280883265804733,
    0.07999950000001262,
    0.025824425001861533,
    0.019994999999762512,
    0.016618120888233185
  ],
  "final_lambda_warm": {
    "(2,)": [
      0.14764044163290235,
      0.07999997500000063,
      0.04879122125009308,
      0.019999749999988124,
      0.019830906044411657
    ]
  }
}